{
    "cpu image_qhd.tiff": [60.53333333333333, 86.93333333333334, 156.43333333333334, 239.1, 522.7666666666667, 1263.9, 18557.9, 19235.966666666667],
    "cuda image_qhd.tiff": [40.56666666666667, 40.666666666666664, 45.36666666666667, 48.266666666666666, 52.43333333333333, 69.53333333333333, 113.46666666666667, 125.03333333333333],
    "cpu image_4k.tiff": [126.83333333333333, 189.9, 325.3, 545.3, 1257.2, 2849.133333333333, 41505.13333333333, 42525.53333333333],
    "cuda image_4k.tiff": [85.73333333333333, 95.7, 98.46666666666667, 100.43333333333334, 116.06666666666666, 158.93333333333334, 261.5, 270.56666666666666],
    "cpu image_fullhd.tiff": [30.766666666666666, 45.36666666666667, 81.1, 133.93333333333334, 292.43333333333334, 714.3666666666667, 8158.933333333333, 8616.166666666666],
    "cuda image_fullhd.tiff": [32.3, 32.5, 34.13333333333333, 36.46666666666667, 42.4, 48.766666666666666, 73.66666666666667, 78.5],
    "cpu image_720p.tiff": [16.1, 24.033333333333335, 42.833333333333336, 64.1, 140.63333333333333, 327.1333333333333, 4939.8, 4853.633333333333],
    "cuda image_720p.tiff": [15.9, 15.0, 16.633333333333333, 16.6, 18.566666666666666, 22.6, 35.1, 36.3]
}